{
    "geometry": {
        "height": 1036.0,
        "diameter_small": 1281.0,
        "diameter_big": 1507.0
    },
    "material": {
        "name": "Aluminium",
        "E": 78000.0,
        "nu": 0.3,
        "rho": 2.7e-09,
        "yield": 270.0
    },
    "loads": {
        "axial_force": -645000.0
    },
    "skin_range": [
        1.0,
        1.1,
        1.2000000000000002,
        1.3000000000000003,
        1.4000000000000004,
        1.5000000000000004,
        1.6000000000000005,
        1.7000000000000006,
        1.8000000000000007,
        1.9000000000000008,
        2.000000000000001,
        2.100000000000001,
        2.200000000000001,
        2.300000000000001,
        2.4000000000000012,
        2.5000000000000013,
        2.6000000000000014,
        2.7000000000000015,
        2.8000000000000016,
        2.9000000000000017,
        3.0000000000000018,
        3.100000000000002,
        3.200000000000002,
        3.300000000000002,
        3.400000000000002,
        3.500000000000002,
        3.6000000000000023,
        3.7000000000000024,
        3.8000000000000025,
        3.9000000000000026,
        4.000000000000003,
        4.100000000000003,
        4.200000000000003,
        4.3000000000000025,
        4.400000000000003,
        4.5000000000000036,
        4.600000000000003,
        4.700000000000003,
        4.800000000000003,
        4.900000000000004,
        5.0000000000000036
    ],
    "str_counts": [
        8,
        9,
        10,
        11,
        12,
        13,
        14,
        15,
        16,
        17,
        18,
        19,
        20,
        21,
        22,
        23,
        24,
        25,
        26,
        27,
        28,
        29,
        30,
        31,
        32,
        33,
        34,
        35,
        36,
        37,
        38,
        39,
        40
    ],
    "profiles": [
        {
            "Номер профиля": "450001",
            "H, мм": 6.6,
            "B, мм": 12.0,
            "S, мм": 3.0,
            "S1, мм": 7.0,
            "S2, мм": 3.0,
            "Площадь сечения, см2": 0.762,
            "Теоретическая масса 1 м, кг": {
                "Алюминиевый сплав": 0.217,
                "Магниевый сплав": 0.137
            }
        },
        {
            "Номер профиля": "450086",
            "H, мм": 9.0,
            "B, мм": 14.0,
            "S, мм": 4.5,
            "S1, мм": 4.0,
            "S2, мм": 4.5,
            "Площадь сечения, см2": 1.26,
            "Теоретическая масса 1 м, кг": {
                "Алюминиевый сплав": 0.359,
                "Магниевый сплав": 0.227
            }
        },
        {
            "Номер профиля": "450002",
            "H, мм": 12.7,
            "B, мм": 15.9,
            "S, мм": 1.6,
            "S1, мм": 1.6,
            "S2, мм": 1.6,
            "Площадь сечения, см2": 0.688,
            "Теоретическая масса 1 м, кг": {
                "Алюминиевый сплав": 0.196,
                "Магниевый сплав": 0.124
            }
        },
        {
            "Номер профиля": "450087",
            "H, мм": 13.5,
            "B, мм": 24.0,
            "S, мм": 2.5,
            "S1, мм": 2.0,
            "S2, мм": 2.5,
            "Площадь сечения, см2": 1.371,
            "Теоретическая масса 1 м, кг": {
                "Алюминиевый сплав": 0.391,
                "Магниевый сплав": 0.247
            }
        },
        {
            "Номер профиля": "450003",
            "H, мм": 14.0,
            "B, мм": 20.0,
            "S, мм": 1.5,
            "S1, мм": 1.5,
            "S2, мм": 1.5,
            "Площадь сечения, см2": 0.782,
            "Теоретическая масса 1 м, кг": {
                "Алюминиевый сплав": 0.223,
                "Магниевый сплав": 0.141
            }
        },
        {
            "Номер профиля": "450005",
            "H, мм": 15.0,
            "B, мм": 13.0,
            "S, мм": 1.2,
            "S1, мм": 1.2,
            "S2, мм": 1.2,
            "Площадь сечения, см2": 0.48,
            "Теоретическая масса 1 м, кг": {
                "Алюминиевый сплав": 0.137,
                "Магниевый сплав": 0.086
            }
        },
        {
            "Номер профиля": "450006",
            "H, мм": 20.0,
            "B, мм": 15.0,
            "S, мм": 1.2,
            "S1, мм": 1.2,
            "S2, мм": 1.2,
            "Площадь сечения, см2": 0.588,
            "Теоретическая масса 1 м, кг": {
                "Алюминиевый сплав": 0.168,
                "Магниевый сплав": 0.106
            }
        },
        {
            "Номер профиля": "450007",
            "H, мм": 20.0,
            "B, мм": 15.0,
            "S, мм": 1.5,
            "S1, мм": 1.5,
            "S2, мм": 1.5,
            "Площадь сечения, см2": 0.722,
            "Теоретическая масса 1 м, кг": {
                "Алюминиевый сплав": 0.206,
                "Магниевый сплав": 0.13
            }
        },
        {
            "Номер профиля": "450008",
            "H, мм": 20.0,
            "B, мм": 18.0,
            "S, мм": 1.5,
            "S1, мм": 1.5,
            "S2, мм": 1.5,
            "Площадь сечения, см2": 0.812,
            "Теоретическая масса 1 м, кг": {
                "Алюминиевый сплав": 0.231,
                "Магниевый сплав": 0.146
            }
        },
        {
            "Номер профиля": "450009",
            "H, мм": 20.5,
            "B, мм": 18.5,
            "S, мм": 2.0,
            "S1, мм": 2.0,
            "S2, мм": 2.0,
            "Площадь сечения, см2": 1.08,
            "Теоретическая масса 1 м, кг": {
                "Алюминиевый сплав": 0.308,
                "Магниевый сплав": 0.195
            }
        },
        {
            "Номер профиля": "450088",
            "H, мм": 22.5,
            "B, мм": 23.5,
            "S, мм": 2.0,
            "S1, мм": 3.0,
            "S2, мм": 2.0,
            "Площадь сечения, см2": 1.495,
            "Теоретическая масса 1 м, кг": {
                "Алюминиевый сплав": 0.426,
                "Магниевый сплав": 0.269
            }
        },
        {
            "Номер профиля": "450010",
            "H, мм": 24.0,
            "B, мм": 18.0,
            "S, мм": 2.0,
            "S1, мм": 1.5,
            "S2, мм": 2.0,
            "Площадь сечения, см2": 1.037,
            "Теоретическая масса 1 м, кг": {
                "Алюминиевый сплав": 0.296,
                "Магниевый сплав": 0.187
            }
        },
        {
            "Номер профиля": "450011",
            "H, мм": 24.5,
            "B, мм": 18.0,
            "S, мм": 1.5,
            "S1, мм": 1.5,
            "S2, мм": 2.0,
            "Площадь сечения, см2": 0.962,
            "Теоретическая масса 1 м, кг": {
                "Алюминиевый сплав": 0.274,
                "Магниевый сплав": 0.173
            }
        },
        {
            "Номер профиля": "450012",
            "H, мм": 25.0,
            "B, мм": 18.0,
            "S, мм": 1.5,
            "S1, мм": 1.5,
            "S2, мм": 1.5,
            "Площадь сечения, см2": 0.887,
            "Теоретическая масса 1 м, кг": {
                "Алюминиевый сплав": 0.253,
                "Магниевый сплав": 0.16
            }
        },
        {
            "Номер профиля": "450013",
            "H, мм": 25.0,
            "B, мм": 18.0,
            "S, мм": 2.0,
            "S1, мм": 1.5,
            "S2, мм": 2.0,
            "Площадь сечения, см2": 1.052,
            "Теоретическая масса 1 м, кг": {
                "Алюминиевый сплав": 0.3,
                "Магниевый сплав": 0.189
            }
        },
        {
            "Номер профиля": "450014",
            "H, мм": 25.0,
            "B, мм": 18.0,
            "S, мм": 2.5,
            "S1, мм": 2.0,
            "S2, мм": 2.5,
            "Площадь сечения, см2": 1.327,
            "Теоретическая масса 1 м, кг": {
                "Алюминиевый сплав": 0.378,